method,n_rows,feasible_rate,median_n_boundary,median_state_compression_ratio,median_selection_time_sec,median_kernel_time_sec,median_total_speedup,median_break_even_tasks,max_group_total_violation,max_start_gap,max_tail_bound
endpoints,180,0.0,2.0,48.5,0.0,0.06711471649759915,2.383026084680108,1.0,233.17891857710737,5.847860506946745e-08,9.997289208353448e-07
group_constrained_incremental,180,0.9611111111111111,3.0,32.333333333333336,3.8648128359927796,0.11470909049967304,0.05321139868061722,20.0,174.8841889328305,1.2210454585215302e-06,9.99095285981628e-07
