method_spec,n_rows,median_state_compression,median_planning_speedup,median_total_speedup,max_start_gap,mean_success_rate,max_hidden_audit_distinct,group_feasible_rate
betweenness_sqrt,10,5.333333333333333,3.807182012351151,0.3402242065395214,0.04973074167400071,1.0,2.0,nan
coverage_sqrt,10,5.333333333333333,9.441778696057026,0.4021443366732887,0.04973231544367174,1.0,2.0,nan
eigenoptions_sqrt,10,5.333333333333333,3.164635615025559,0.3368243722255218,0.049732315441415764,1.0,3.0,nan
full_vi,10,1.0,1.0,1.0,0.0,1.0,0.0,nan
graph_rd_joint,10,12.0,91.62168532971688,0.07880620231382071,0.049732315443677066,1.0,2.0,nan
graph_rd_surrogate_joint,10,12.0,92.58887885364098,0.21398692722722684,0.049732315443677066,1.0,2.0,nan
group_constrained_rd,10,10.5,25.087094224610198,0.011160852315603202,0.049732315443677066,1.0,3.0,0.9
random_landmarks_sqrt,10,5.333333333333333,4.893380208730621,0.34653423760438384,0.0497323154434266,1.0,3.0,nan
