method_group,n_rows,pareto_rows,median_rate_budget_boundary_frac,median_state_compression_ratio,median_start_gap,median_hidden_audit,mean_group_feasible_rate,median_total_speedup,median_success_rate
baseline:dense_turn,1,1,0.37037037037037035,2.7,2.901501261476369e-11,0.0,1.0,nan,1.0
baseline:endpoints,7,7,0.019230769230769232,52.0,2.921041186709772e-11,155.45261238473825,0.14285714285714285,2.759301182621115,1.0
full_mdp,10,5,1.0,1.0,0.0,0.0,nan,1.0,1.0
option_baseline:bottleneck,15,8,0.1875,5.333333333333333,1.4097167877480388e-11,2.0,1.0,0.3402242065395214,1.0
option_baseline:coverage,15,1,0.1875,5.333333333333333,2.9125146738806507e-11,2.0,1.0,0.4021443366732887,1.0
option_baseline:eigen,15,3,0.1875,5.333333333333333,2.332356530132529e-11,2.1,1.0,0.3368243722255218,1.0
option_baseline:random,15,1,0.1875,5.333333333333333,2.1433521624203422e-11,2.0,1.0,0.34653423760438384,1.0
ours:group_rd,22,14,0.05220747562296858,19.275,1.7967849430533533e-12,0.0,0.9545454545454546,0.015162867929298662,1.0
ours:rd_graph,21,19,0.125,8.0,1.9127810446661897e-11,0.0,1.0,0.1836481420149601,1.0
