source,method,n_rows,median_n_boundary,median_state_compression,median_selection_time_sec,median_final_kernel_time_sec,median_selection_speedup_vs_iterative,median_total_speedup_vs_iterative,median_selection_speedup_vs_exact_search,median_total_speedup_vs_exact_search,median_total_speedup_vs_sparse_vi,max_normalized_value_gap,median_D_occ,median_boundary_jaccard_vs_iterative
one_shot_rd_operator,one_shot_rd_t0p10,12,3.5,21.0,0.011425640492234379,0.029805203492287546,35.21249423017741,7.681193770101418,153.16653077493913,23.25716756758514,0.017208297617406117,0.009628043074799973,1.4470983993044236e-16,0.6666666666666666
one_shot_rd_operator,one_shot_rd_t0p15,12,3.5,21.0,0.010950100957415998,0.029438601981382817,40.06223179680868,7.771528039228121,157.24872488876508,22.86472609140089,0.017147939843245943,0.009628043074799973,1.4470983993044236e-16,0.6666666666666666
one_shot_rd_operator,one_shot_rd_t0p20,12,3.5,21.0,0.010862400056794286,0.03006097045727074,51.26923856540534,8.072768258249758,157.28954575185395,22.952905514551137,0.017070086449987625,0.009628043074799973,1.4470983993044236e-16,0.6666666666666666
one_shot_rd_operator_random,one_shot_rd_t0p15,108,18.0,6.295833333333333,0.02469787548761815,0.8778696189983748,nan,nan,nan,nan,0.003538280748051839,1.4566692919513962e-07,9.869293711310815e-07,nan
one_shot_rd_operator_random,one_shot_rd_t0p75,108,10.0,9.7,0.024931610969360918,0.6242991589824669,nan,nan,nan,nan,0.005841644230094187,1.0592974289609533e-07,7.000460255567933,nan
one_shot_rd_operator_random_reference,one_shot_rd_t0p15,20,13.0,4.85,0.0233333099167794,0.544938220991753,369.51494874470774,12.941598709270796,nan,nan,0.00573451047533294,1.1952696084615613e-07,4.865876456771788e-08,0.9198717948717949
one_shot_rd_operator_xl_end_to_end,one_shot_rd_t0p15,27,3.0,192.0,0.07966874691192061,2.0490824930602685,947.0866501050303,15.133723237280273,nan,nan,0.0038629720190769294,0.009097651720420817,2.3645527521133335e-53,nan
