method,n_rows,feasible_rate,median_n_boundary,median_state_compression,median_selection_time_sec,median_total_speedup,max_start_gap,max_group_total_violation
endpoints,180,0.0,2.0,48.5,0.0,2.383026084680108,5.847860506946745e-08,233.17891857710737
group_constrained_incremental,180,0.9611111111111111,3.0,32.333333333333336,3.8648128359927796,0.05321139868061722,1.2210454585215302e-06,174.8841889328305
