method,n_rows,feasible_rate,median_n_boundary,median_state_compression,median_selection_time_sec,median_total_speedup,max_start_gap,max_group_total_violation
endpoints,2,0.0,2.0,15.5,0.0,2.494083738945595,3.332447384707393e-08,233.17891857710737
group_constrained_incremental,2,1.0,3.0,10.333333333333334,0.30345606297487393,0.05423734233068492,2.1673040428993318e-07,0.0
group_constrained_operator,2,0.5,3.0,10.333333333333334,3.323089514480671,0.00823829269925586,1.632646995375353e-07,116.58945928855368
