boundary_selector,n_rows,n_strong_planner_rows,median_state_compression,median_normalized_start_gap,max_normalized_start_gap,legacy_median_total_speedup,strong_planner_median_planning_speedup,strong_planner_planning_speedup_ci95_low,strong_planner_planning_speedup_ci95_high,strong_planner_median_total_speedup,strong_planner_total_speedup_ci95_low,strong_planner_total_speedup_ci95_high,strong_planner_best_total_speedup
betweenness_sqrt,27,27,22.26086956521739,3.0816678275869014e-09,0.005886735262300999,0.06182744983740184,0.017325733530527687,0.012033096858416688,0.03377319715457681,0.0004726008370366276,0.00019077440865388642,0.000916848196011213,0.007906683182272804
coverage_sqrt,27,27,22.26086956521739,3.4506938320078034e-08,0.00588677304309176,0.06924687912359141,0.13784186773888715,0.06964868064634604,0.18164637645651338,0.00043466445971795454,0.0003350244122698574,0.001263936073152234,0.01127414189059881
endpoints,27,27,256.0,9.684285373623431e-11,0.005886775537117013,1.4524112833059222,43.45038032240544,35.07243567895421,79.62962257115798,0.012130230079449435,0.005464940206273953,0.02256921100076468,0.07492909490050412
graph_rd_surrogate_joint,27,27,256.0,9.684306689905504e-11,0.005886775537117013,0.18192274855815732,29.58248878740116,21.065565439198245,71.36450095651573,0.0011552957727785707,0.0005910693101211522,0.001587047294907535,0.0036613501860212417
turn_articulation,27,27,128.0,9.684306689905504e-11,0.005886774505917248,0.8970534465197718,6.023299662896142,0.22791045699352802,69.16777701673574,0.003317433528849397,0.0010117981980575634,0.022184794914146617,0.06699835370214333
