solver,beam_width,n_rows,boundary_match_rate,zero_total_violation_gap_rate,feasible_decision_match_rate,median_selection_time_sec,median_oracle_time_sec
actual_refine,1,3,1.0,1.0,1.0,3.6683277339907363,10.949797208013479
actual_refine,2,3,1.0,1.0,1.0,4.062999501999002,10.949797208013479
actual_refine,4,3,1.0,1.0,1.0,4.054239546007011,10.949797208013479
operator,1,3,0.0,0.0,0.3333333333333333,0.9427240049699321,10.949797208013479
operator,2,3,0.6666666666666666,0.6666666666666666,0.6666666666666666,1.6506466710125096,10.949797208013479
operator,4,3,1.0,1.0,1.0,1.599664687004406,10.949797208013479
