student_method,n_rows,teacher_feasible_rate,student_feasible_rate,student_joint_constraint_rate,teacher_joint_constraint_rate,accepted_joint_constraint_rate,accepted_feasible_rate,fallback_rate,top_set_hit_rate,mean_boundary_jaccard,median_state_compression_ratio,max_student_normalized_start_gap,max_accepted_normalized_start_gap,max_student_group_total_violation,median_student_selection_time_sec,median_group_audit_time_sec,median_selection_speedup_vs_teacher,median_selection_plus_audit_speedup_vs_teacher,median_accepted_speedup_vs_teacher_pipeline
constraint_candidate_learned_count,90,0.7888888888888889,0.7777777777777778,0.7555555555555555,0.7888888888888889,0.9222222222222223,0.9444444444444444,0.2222222222222222,0.5444444444444444,0.6508465608465608,33.8,0.022249000484847407,0.022249000484847407,225999465002889.66,0.02545061009004712,7.785874426015653,192.8455177856862,0.43202784939022154,0.43753299806838897
constraint_candidate_nearest_start,23,0.4782608695652174,0.43478260869565216,0.43478260869565216,0.4782608695652174,0.4782608695652174,0.4782608695652174,0.5652173913043478,0.17391304347826086,0.5055900621118014,49.333333333333336,0.02224900781274634,0.012180345306832915,210.158363337266,0.03400666802190244,6.800685059977695,493.165424238765,2.300068328216474,0.6978365486075948
constraint_candidate_top1,10,0.2,0.2,0.2,0.2,0.2,0.2,0.8,0.0,0.41999999999999993,56.333333333333336,0.022249006037422123,0.012180345306832915,192.68264989679744,0.038032792042940855,9.927189083537087,668.8673447785906,2.709835780336496,0.7316964563513884
constraint_candidate_top2,90,0.7888888888888889,0.8555555555555555,0.8333333333333334,0.7888888888888889,0.9222222222222223,0.9444444444444444,0.14444444444444443,0.7333333333333333,0.5848721340388007,26.75,0.022249003199228925,0.022249003199228925,112999732501435.11,0.02545061009004712,8.050891273538582,192.8455177856862,0.41813188904272847,0.419964719256612
constraint_candidate_top3,80,0.8625,0.9375,0.9375,0.8625,1.0,1.0,0.0625,0.8375,0.5117460317460323,21.4,0.0031555750909207096,0.0031555750909207096,25355017832.142315,0.024563888495322317,8.185707726574037,172.38161193093703,0.4025189736227851,0.40040242061071923
