{
  "candidate_universe": "all",
  "cuda_available": true,
  "feature_center": [
    0.023542294278740883,
    0.023542294278740883,
    0.023542294278740883,
    0.023542294278740883,
    0.047084588557481766,
    0.9529154300689697,
    0.687315046787262,
    0.6873143911361694,
    0.5498220920562744,
    0.5498220920562744,
    0.450177937746048,
    0.9017167687416077,
    0.17482808232307434,
    0.19671182334423065,
    -0.9764577150344849,
    -0.9764577150344849,
    0.0,
    0.5607489943504333,
    0.4975552260875702,
    0.06319306790828705,
    0.4911032021045685,
    0.0,
    0.48638102412223816,
    0.5089993476867676,
    1.0,
    3.8161227703094482,
    0.047968003898859024,
    0.9700759649276733
  ],
  "feature_names": [
    "start_mass",
    "is_start",
    "is_goal",
    "is_terminal",
    "is_mandatory",
    "is_candidate",
    "out_degree",
    "in_degree",
    "weighted_out_degree",
    "weighted_in_degree",
    "self_loop_mean",
    "self_loop_max",
    "transition_entropy_mean",
    "transition_entropy_max",
    "reward_mean",
    "reward_max",
    "reward_std",
    "distance_from_start",
    "distance_to_goal",
    "distance_balance",
    "articulation",
    "clustering",
    "coord_0",
    "coord_1",
    "coords_available",
    "log_n_states",
    "slip",
    "gamma"
  ],
  "feature_scale": [
    0.1516156792640686,
    0.1516156792640686,
    0.15161573886871338,
    0.15161573886871338,
    0.21182480454444885,
    0.21182480454444885,
    0.20650215446949005,
    0.19308562576770782,
    0.18386761844158173,
    0.17475326359272003,
    0.18386761844158173,
    0.24355240166187286,
    0.14970292150974274,
    0.16429756581783295,
    0.15161573886871338,
    0.15161573886871338,
    1.0,
    0.28302329778671265,
    0.2702006697654724,
    0.524867594242096,
    0.4999464750289917,
    1.0,
    0.3537769019603729,
    0.3434549570083618,
    1.0,
    0.2827184796333313,
    0.04080943763256073,
    7.593558257212862e-05
  ],
  "fixed_basis_kinds": [
    "turn_articulation",
    "eigen_extrema_sqrt",
    "coverage_sqrt"
  ],
  "fixed_random_count": 0,
  "gnn_training_time_sec": 65.85659725393634,
  "inference_device": "cpu",
  "inference_device_benchmark_sec": {
    "cpu": 0.0006823965231887996,
    "cuda": 0.0018412325298413634
  },
  "inference_timing": "single_graph_including_collation_and_device_transfer",
  "model_config": {
    "dropout": 0.1,
    "hidden_dim": 64,
    "input_dim": 28,
    "max_extra": 5,
    "num_layers": 4
  },
  "n_heatmap_contexts": 360,
  "n_teacher_rows": 360,
  "n_test_rows": 90,
  "n_train_rows": 180,
  "n_train_rows_used": 172,
  "n_validation_rows": 90,
  "positive_weight": 34.702564102564104,
  "probe_top_fraction": 0.35,
  "selected_student_method": "gnn_seed_2",
  "split_mode": "teacher",
  "teacher_label_selection_time_sec": 180.11638202844188,
  "teacher_plus_training_break_even_contexts": 66,
  "torch_version": "2.8.0+cu128",
  "training_device": "cuda",
  "training_only_break_even_contexts": 18,
  "validation_boundary_jaccard_by_method": {
    "gnn_ensemble": 0.8853458049886621,
    "gnn_ensemble_top1": 0.8734410430839002,
    "gnn_seed_0": 0.8793934240362812,
    "gnn_seed_1": 0.8813775510204083,
    "gnn_seed_2": 0.8941326530612246,
    "gnn_seed_3": 0.8813066893424035,
    "gnn_seed_4": 0.8861961451247166
  },
  "weight_key_maps": {
    "boundary_heatmap_seed0.npz": {
      "array_0000": "input_projection.0.weight",
      "array_0001": "input_projection.0.bias",
      "array_0002": "input_projection.1.weight",
      "array_0003": "input_projection.1.bias",
      "array_0004": "layers.0.linear.weight",
      "array_0005": "layers.0.linear.bias",
      "array_0006": "layers.0.norm.weight",
      "array_0007": "layers.0.norm.bias",
      "array_0008": "layers.1.linear.weight",
      "array_0009": "layers.1.linear.bias",
      "array_0010": "layers.1.norm.weight",
      "array_0011": "layers.1.norm.bias",
      "array_0012": "layers.2.linear.weight",
      "array_0013": "layers.2.linear.bias",
      "array_0014": "layers.2.norm.weight",
      "array_0015": "layers.2.norm.bias",
      "array_0016": "layers.3.linear.weight",
      "array_0017": "layers.3.linear.bias",
      "array_0018": "layers.3.norm.weight",
      "array_0019": "layers.3.norm.bias",
      "array_0020": "context_projection.0.weight",
      "array_0021": "context_projection.0.bias",
      "array_0022": "node_head.0.weight",
      "array_0023": "node_head.0.bias",
      "array_0024": "node_head.2.weight",
      "array_0025": "node_head.2.bias",
      "array_0026": "count_head.0.weight",
      "array_0027": "count_head.0.bias",
      "array_0028": "count_head.2.weight",
      "array_0029": "count_head.2.bias"
    },
    "boundary_heatmap_seed1.npz": {
      "array_0000": "input_projection.0.weight",
      "array_0001": "input_projection.0.bias",
      "array_0002": "input_projection.1.weight",
      "array_0003": "input_projection.1.bias",
      "array_0004": "layers.0.linear.weight",
      "array_0005": "layers.0.linear.bias",
      "array_0006": "layers.0.norm.weight",
      "array_0007": "layers.0.norm.bias",
      "array_0008": "layers.1.linear.weight",
      "array_0009": "layers.1.linear.bias",
      "array_0010": "layers.1.norm.weight",
      "array_0011": "layers.1.norm.bias",
      "array_0012": "layers.2.linear.weight",
      "array_0013": "layers.2.linear.bias",
      "array_0014": "layers.2.norm.weight",
      "array_0015": "layers.2.norm.bias",
      "array_0016": "layers.3.linear.weight",
      "array_0017": "layers.3.linear.bias",
      "array_0018": "layers.3.norm.weight",
      "array_0019": "layers.3.norm.bias",
      "array_0020": "context_projection.0.weight",
      "array_0021": "context_projection.0.bias",
      "array_0022": "node_head.0.weight",
      "array_0023": "node_head.0.bias",
      "array_0024": "node_head.2.weight",
      "array_0025": "node_head.2.bias",
      "array_0026": "count_head.0.weight",
      "array_0027": "count_head.0.bias",
      "array_0028": "count_head.2.weight",
      "array_0029": "count_head.2.bias"
    },
    "boundary_heatmap_seed2.npz": {
      "array_0000": "input_projection.0.weight",
      "array_0001": "input_projection.0.bias",
      "array_0002": "input_projection.1.weight",
      "array_0003": "input_projection.1.bias",
      "array_0004": "layers.0.linear.weight",
      "array_0005": "layers.0.linear.bias",
      "array_0006": "layers.0.norm.weight",
      "array_0007": "layers.0.norm.bias",
      "array_0008": "layers.1.linear.weight",
      "array_0009": "layers.1.linear.bias",
      "array_0010": "layers.1.norm.weight",
      "array_0011": "layers.1.norm.bias",
      "array_0012": "layers.2.linear.weight",
      "array_0013": "layers.2.linear.bias",
      "array_0014": "layers.2.norm.weight",
      "array_0015": "layers.2.norm.bias",
      "array_0016": "layers.3.linear.weight",
      "array_0017": "layers.3.linear.bias",
      "array_0018": "layers.3.norm.weight",
      "array_0019": "layers.3.norm.bias",
      "array_0020": "context_projection.0.weight",
      "array_0021": "context_projection.0.bias",
      "array_0022": "node_head.0.weight",
      "array_0023": "node_head.0.bias",
      "array_0024": "node_head.2.weight",
      "array_0025": "node_head.2.bias",
      "array_0026": "count_head.0.weight",
      "array_0027": "count_head.0.bias",
      "array_0028": "count_head.2.weight",
      "array_0029": "count_head.2.bias"
    },
    "boundary_heatmap_seed3.npz": {
      "array_0000": "input_projection.0.weight",
      "array_0001": "input_projection.0.bias",
      "array_0002": "input_projection.1.weight",
      "array_0003": "input_projection.1.bias",
      "array_0004": "layers.0.linear.weight",
      "array_0005": "layers.0.linear.bias",
      "array_0006": "layers.0.norm.weight",
      "array_0007": "layers.0.norm.bias",
      "array_0008": "layers.1.linear.weight",
      "array_0009": "layers.1.linear.bias",