{
  "center": [
    4.24834345994685,
    8.619016955923856,
    0.4756210704301242,
    0.0,
    2.3335278318783916,
    0.4177159458701139,
    0.060677954371676335,
    0.25467222279761775,
    0.21580642917824908,
    0.6893220456283234,
    0.18347997210215736,
    29.75,
    40.3125,
    20.25,
    0.04999999999999997,
    1.4875000000000005,
    33.33333333333335
  ],
  "coefficients": [
    55.54887082018313,
    -21.59885043310554,
    -87.57935852393109,
    0.0,
    24.624879842372735,
    -53.26289087206897,
    26.133753838360544,
    4.954840031777489,
    -6.678780513390095,
    -158.790549100905,
    -64.85262623557966,
    7.13737149198158,
    6.750575516399684,
    -3.8136125519554684,
    6.883279029494917,
    4.459553012666761,
    3.14100559578051e-23
  ],
  "coverage": 0.95,
  "feature_names": [
    "log_n_states",
    "sqrt_n_states",
    "open_density",
    "log_aspect_ratio",
    "mean_degree",
    "degree_std",
    "dead_end_fraction",
    "junction_fraction",
    "turn_articulation_fraction",
    "articulation_fraction",
    "cycle_rank_per_state",
    "endpoint_distance",
    "endpoint_eccentricity",
    "covering_radius",
    "slip",
    "slip_endpoint_distance",
    "discount_horizon"
  ],
  "intercept": 50.05208333333399,
  "max_steps": 512,
  "min_steps": 0,
  "scale": [
    0.5376245030485903,
    2.467295424852318,
    0.11990399781205505,
    1.0,
    0.6535600555785607,
    0.14519881269187743,
    0.04044547039527741,
    0.3707207460648441,
    0.08364752828246322,
    0.39849323568870904,
    0.32217890091406537,
    13.997767679169419,
    19.430062885899265,
    9.883698700385398,
    0.04082482904638631,
    1.5137735684925493,
    1.0
  ],
  "upper_residual": 36.236460671665185
}
