map,k_steps,n_steps,top1_match_rate,mean_abs_score_error,max_abs_score_error
maze_9,1,2,0.5,0.1162499993614358,0.9999999936143584
maze_9,2,2,0.5,0.1049687493614358,0.9999999936143584
maze_9,4,2,1.0,0.007859810843570052,0.0766087083585405
maze_9,8,2,1.0,3.246151219066449e-05,0.0003192578452637651
