student_method,n_rows,teacher_feasible_rate,student_feasible_rate,student_joint_constraint_rate,teacher_joint_constraint_rate,accepted_joint_constraint_rate,accepted_feasible_rate,fallback_rate,top_set_hit_rate,mean_boundary_jaccard,median_state_compression_ratio,max_student_normalized_start_gap,max_accepted_normalized_start_gap,max_student_group_total_violation,median_student_selection_time_sec,median_group_audit_time_sec,median_selection_speedup_vs_teacher,median_selection_plus_audit_speedup_vs_teacher,median_accepted_speedup_vs_teacher_pipeline
constraint_candidate_learned_count,90,0.9333333333333333,0.9222222222222223,0.8888888888888888,0.9333333333333333,0.9555555555555556,0.9777777777777777,0.07777777777777778,0.8333333333333334,0.8741534391534391,23.666666666666668,0.023923123293798965,0.023923123293798965,867939302.2368908,0.01963552599772811,5.034043536579702,113.1756489106366,0.41889724539464945,0.4268065352352499
constraint_candidate_nearest_start,24,0.75,0.5,0.5,0.75,0.75,0.75,0.5,0.16666666666666666,0.5147817460317461,30.5,0.02392312782496713,0.011493124310082738,15119790.709316576,0.022336608439218253,4.9395177024416625,182.61121579952615,0.8559267294338768,0.5174429377593635
constraint_candidate_top1,10,0.6,0.2,0.2,0.6,0.6,0.6,0.8,0.2,0.49833333333333335,40.333333333333336,0.02392312567172294,0.011493124310082738,192.6818063637378,0.023769371036905795,6.243324980547186,435.5563631812404,1.643475539934768,0.6242531460618552
constraint_candidate_top2,90,0.9333333333333333,0.8666666666666667,0.8333333333333334,0.9333333333333333,0.9555555555555556,0.9777777777777777,0.13333333333333333,0.8333333333333334,0.6751587301587301,19.5,0.023923123290415075,0.023923123290415075,30152106.73070016,0.01963552599772811,5.299088927509729,113.1756489106366,0.3891102070737865,0.3926504207067841
constraint_candidate_top3,80,0.975,0.9375,0.9375,0.975,0.9875,0.9875,0.0625,0.875,0.5604861111111117,14.2,0.0023100201499907267,0.0023100201499907267,267199.450339751,0.019197268527932465,5.364895396516658,109.91384475174257,0.3788984531122689,0.3804684061402458
